HLA Type;Epitope Length;NetMHC 4.0;NetMHCpan 3.0;NetMHCcons 1.1;NetMHC 3.4 = IEDB ann;NetMHCpan 2.8;NetMHCcons pickpocket 1.1;IEDB consensus;IEDB smmpmbec;IEDB smm
A*01:01;8;5000000;5000001;5000002;5000003;5000004;5000005;5000006;5000007;5000008
A*01:01;9;5000001;5000002;5000003;5000004;5000005;5000006;5000007;5000008;5000009
A*01:01;10;5000002;5000003;;5000005;5000006;5000007;5000008;5000009;5000010
A*01:01;0;5000003;5000004;5000005;5000006;5000007;5000008;5000009;5000010;5000011
A*02:01;8;5000004;5000005;5000006;5000007;5000008;5000009;5000010;5000011;5000012
A*02:01;9;5000005;5000006;5000007;5000008;5000009;5000010;;5000012;5000013
A*02:01;10;5000006;5000007;5000008;5000009;5000010;5000011;5000012;5000013;5000014
A*02:01;0;5000007;5000008;5000009;5000010;5000011;5000012;5000013;5000014;5000015
A*01:01;8;5000008;5000009;5000010;5000011;5000012;5000013;5000014;5000015;5000016
A*01:01;9;5000009;5000010;5000011;5000012;5000013;5000014;5000015;5000016;
A*01:01;10;5000010;5000011;5000012;5000013;5000014;5000015;5000016;5000017;5000018
A*01:01;0;5000011;5000012;5000013;5000014;5000015;5000016;5000017;5000018;5000019
